reviewer,relevant,title,authors,url,abstract,artifact_available,artifact_reusable,artifact_functional,ai
DW,True,Log Parsing with Prompt-Based Few-Shot Learning,"Le, Van-Hoang, Zhang, Hongyu",https://doi.org/10.1109/ICSE48619.2023.00204,"Logs generated by large-scale software systems provide crucial information for engineers to understand the system status and diagnose problems of the systems. Log parsing, which converts raw log messages into structured data, is the first step to enabling automated log analytics. Existing log parsers extract the common part as log templates using statistical features. However, these log parsers often fail to identify the correct templates and parameters because: 1) they often overlook the semantic meaning of log messages, and 2) they require domain-specific knowledge for different log datasets. To address the limitations of existing methods, in this paper, we propose LogPPT to capture the patterns of templates using prompt-based few-shot learning. LogPPT utilises a novel prompt tuning method to recognise keywords and parameters based on a few labelled log data. In addition, an adaptive random sampling algorithm is designed to select a small yet diverse training set. We have conducted extensive experiments on 16 public log datasets. The experimental results show that LogPPT is effective and efficient for log parsing.",False,False,False,True
DW,True,Context-Aware Bug Reproduction for Mobile Apps,"Huang, Yuchao, Wang, Junjie, Liu, Zhe, Wang, Song, Chen, Chunyang, Li, Mingyang, Wang, Qing",https://doi.org/10.1109/ICSE48619.2023.00196,"Bug reports are vital for software maintenance that allow the developers being informed of the problems encountered in the software. Before bug fixing, developers need to reproduce the bugs which is an extremely time-consuming and tedious task, and it is highly expected to automate this process. However, it is challenging to do so considering the imprecise or incomplete natural language described in reproducing steps, and the missing or ambiguous single source of information in GUI components. In this paper, we propose a context-aware bug reproduction approach ScopeDroid which automatically reproduces crashes from textual bug reports for mobile apps. It first constructs a state transition graph (STG) and extracts the contextual information of components. We then design a multi-modal neural matching network to derive the fuzzy matching matrix between all candidate GUI events and reproducing steps. With the STG and matching information, it plans the exploration path for reproducing the bug, and enriches the initial STG iteratively. We evaluate the approach on 102 bug reports from 69 popular Android apps, and it successfully reproduces 63.7% of the crashes, outperforming the state-of-the-art baselines by 32.6% and 38.3%. We also evaluate the usefulness and robustness of ScopeDroid with promising results. Furthermore, to train the neural matching network, we develop a heuristic-based automated training data generation method, which can potentially motivate and facilitate other activities as user interface operations.",False,False,False,True
DW,False,Chronos: Time-Aware Zero-Shot Identification of Libraries from Vulnerability Reports,"Lyu, Yunbo, Le-Cong, Thanh, Kang, Hong Jin, Widyasari, Ratnadira, Zhao, Zhipeng, Le, Xuan-Bach D., Li, Ming, Lo, David",https://doi.org/10.1109/ICSE48619.2023.00094,"Tools that alert developers about library vulnerabilities depend on accurate, up-to-date vulnerability databases which are maintained by security researchers. These databases record the libraries related to each vulnerability. However, the vulnerability reports may not explicitly list every library and human analysis is required to determine all the relevant libraries. Human analysis may be slow and expensive, which motivates the need for automated approaches. Researchers and practitioners have proposed to automatically identify libraries from vulnerability reports using extreme multi-label learning (XML).While state-of-the-art XML techniques showed promising performance, their experimental settings do not practically fit what happens in reality. Previous studies randomly split the vulnerability reports data for training and testing their models without considering the chronological order of the reports. This may unduly train the models on chronologically newer reports while testing the models on chronologically older ones. However, in practice, one often receives chronologically new reports, which may be related to previously unseen libraries. Under this practical setting, we observe that the performance of current XML techniques declines substantially, e.g., F1 decreased from 0.7 to 0.24 under experiments without and with consideration of chronological order of vulnerability reports.We propose a practical library identification approach, namely Chronos, based on zero-shot learning. The novelty of Chronos is three-fold. First, Chronos fits into the practical pipeline by considering the chronological order of vulnerability reports. Second, Chronos enriches the data of the vulnerability descriptions and labels using a carefully designed data enhancement step. Third, Chronos exploits the temporal ordering of the vulnerability reports using a cache to prioritize prediction of versions of libraries that recently had reports of vulnerabilities.In our experiments, Chronos achieves an average F1-score of 0.75, 3x better than the best XML-based approach. Data enhancement and the time-aware adjustment improve Chronos over the vanilla zero-shot learning model by 27% in average F1.",True,False,True,True
DW,True,Practical and Efficient Model Extraction of Sentiment Analysis APIs,"Wu, Weibin, Zhang, Jianping, Wei, Victor Junqiu, Chen, Xixian, Zheng, Zibin, King, Irwin, Lyu, Michael R.",https://doi.org/10.1109/ICSE48619.2023.00054,"Despite their stunning performance, developing deep learning models from scratch is a formidable task. Therefore, it popularizes Machine-Learning-as-a-Service (MLaaS), where general users can access the trained models of MLaaS providers via Application Programming Interfaces (APIs) on a pay-per-query basis. Unfortunately, the success of MLaaS is under threat from model extraction attacks, where attackers intend to extract a local model of equivalent functionality to the target MLaaS model. However, existing studies on model extraction of text analytics APIs frequently assume adversaries have strong knowledge about the victim model, like its architecture and parameters, which hardly holds in practice. Besides, since the attacker's and the victim's training data can be considerably discrepant, it is non-trivial to perform efficient model extraction. In this paper, to advance the understanding of such attacks, we propose a framework, PEEP, for practical and efficient model extraction of sentiment analysis APIs with only query access. Specifically, PEEP features a learning-based scheme, which employs out-of-domain public corpora and a novel query strategy to construct proxy training data for model extraction. Besides, PEEP introduces a greedy search algorithm to settle an appropriate architecture for the extracted model. We conducted extensive experiments with two victim models across three datasets and two real-life commercial sentiment analysis APIs. Experimental results corroborate that PEEP can consistently outperform the state-of-the-art baselines in terms of effectiveness and efficiency.",False,False,False,True
DW,False,DUETCS: Code Style Transfer through Generation and Retrieval,"Chen, Binger, Abedjan, Ziawasch",https://doi.org/10.1109/ICSE48619.2023.00198,"Coding style has direct impact on code comprehension. Automatically transferring code style to user's preference or consistency can facilitate project cooperation and maintenance, as well as maximize the value of open-source code. Existing work on automating code stylization is either limited to code formatting or requires human supervision in pre-defining style checking and transformation rules. In this paper, we present unsupervised methods to assist automatic code style transfer for arbitrary code styles. The main idea is to leverage Big Code database to learn style and content embedding separately to generate or retrieve a piece of code with the same functionality and the desired target style. We carefully encode style and content features, so that a style embedding can be learned from arbitrary code. We explored the capabilities of novel attention-based style generation models and meta-learning and implemented our ideas in DUETCS. We complement the learning-based approach with a retrieval mode, which uses the same embeddings to directly search for the desired piece of code in Big Code. Our experiments show that DUETCS captures more style aspects than existing baselines.",False,False,False,True
DW,True,Fine-Grained Commit-Level Vulnerability Type Prediction by CWE Tree Structure,"Pan, Shengyi, Bao, Lingfeng, Xia, Xin, Lo, David, Li, Shanping",https://doi.org/10.1109/ICSE48619.2023.00088,"Identifying security patches via code commits to allow early warnings and timely fixes for Open Source Software (OSS) has received increasing attention. However, the existing detection methods can only identify the presence of a patch (i.e., a binary classification) but fail to pinpoint the vulnerability type. In this work, we take the first step to categorize the security patches into fine-grained vulnerability types. Specifically, we use the Common Weakness Enumeration (CWE) as the label and perform fine-grained classification using categories at the third level of the CWE tree. We first formulate the task as a Hierarchical Multi-label Classification (HMC) problem, i.e., inferring a path (a sequence of CWE nodes) from the root of the CWE tree to the node at the target depth. We then propose an approach named TreeVul with a hierarchical and chained architecture, which manages to utilize the structure information of the CWE tree as prior knowledge of the classification task. We further propose a tree structure aware and beam search based inference algorithm for retrieving the optimal path with the highest merged probability. We collect a large security patch dataset from NVD, consisting of 6,541 commits from 1,560 GitHub OSS repositories. Experimental results show that TreeVul significantly outperforms the best performing baselines, with improvements of 5.9%, 25.0%, and 7.7% in terms of weighted F1-score, macro F1-score, and MCC, respectively. We further conduct a user study and a case study to verify the practical value of TreeVul in enriching the binary patch detection results and improving the data quality of NVD, respectively.",False,False,False,True
DW,True,RepresentThemAll: A Universal Learning Representation of Bug Reports,"Fang, Sen, Zhang, Tao, Tan, Youshuai, Jiang, He, Xia, Xin, Sun, Xiaobing",https://doi.org/10.1109/ICSE48619.2023.00060,"Deep learning techniques have shown promising performance in automated software maintenance tasks associated with bug reports. Currently, all existing studies learn the customized representation of bug reports for a specific downstream task. Despite early success, training multiple models for multiple downstream tasks faces three issues: complexity, cost, and compatibility, due to the customization, disparity, and uniqueness of these automated approaches. To resolve the above challenges, we propose RepresentThemAll, a pre-trained approach that can learn the universal representation of bug reports and handle multiple downstream tasks. Specifically, RepresentThemAll is a universal bug report framework that is pre-trained with two carefully designed learning objectives: one is the dynamic masked language model and another one is a contrastive learning objective, ""find yourself"". We evaluate the performance of RepresentThemAll on four downstream tasks, including duplicate bug report detection, bug report summarization, bug priority prediction, and bug severity prediction. Our experimental results show that RepresentThemAll outperforms all baseline approaches on all considered downstream tasks after well-designed fine-tuning.",False,False,False,True
DW,True,VULGEN: Realistic Vulnerability Generation Via Pattern Mining and Deep Learning,"Nong, Yu, Ou, Yuzhe, Pradel, Michael, Chen, Feng, Cai, Haipeng",https://doi.org/10.1109/ICSE48619.2023.00211,"Building new, powerful data-driven defenses against prevalent software vulnerabilities needs sizable, quality vulnerability datasets, so does large-scale benchmarking of existing defense solutions. Automatic data generation would promisingly meet the need, yet there is little work aimed to generate much-needed quality vulnerable samples. Meanwhile, existing similar and adaptable techniques suffer critical limitations for that purpose. In this paper, we present VULGEN, the first injection-based vulnerability-generation technique that is not limited to a particular class of vulnerabilities. VULGEN combines the strengths of deterministic (pattern-based) and probabilistic (deep-learning/DL-based) program transformation approaches while mutually overcoming respective weaknesses. This is achieved through close collaborations between pattern mining/application and DL-based injection localization, which separates the concerns with how and where to inject. By leveraging large, pretrained programming language modeling and only learning locations, VULGEN mitigates its own needs for quality vulnerability data (for training the localization model). Extensive evaluations show that VULGEN significantly outperforms a state-of-the-art (SOTA) pattern-based peer technique as well as both Transformer- and GNN-based approaches in terms of the percentages of generated samples that are vulnerable and those also exactly matching the ground truth (by 38.0--430.1% and 16.3--158.2%, respectively). The VULGEN-generated samples led to substantial performance improvements for two SOTA DL-based vulnerability detectors (by up to 31.8% higher in F1), close to those brought by the ground-truth real-world samples and much higher than those by the same numbers of existing synthetic samples.",True,True,False,True
DW,False,An Empirical Study of Pre-Trained Model Reuse in the Hugging Face Deep Learning Model Registry,"Jiang, Wenxin, Synovic, Nicholas, Hyatt, Matt, Schorlemmer, Taylor R., Sethi, Rohan, Lu, Yung-Hsiang, Thiruvathukal, George K., Davis, James C.",https://doi.org/10.1109/ICSE48619.2023.00206,"Deep Neural Networks (DNNs) are being adopted as components in software systems. Creating and specializing DNNs from scratch has grown increasingly difficult as state-of-the-art architectures grow more complex. Following the path of traditional software engineering, machine learning engineers have begun to reuse large-scale pre-trained models (PTMs) and fine-tune these models for downstream tasks. Prior works have studied reuse practices for traditional software packages to guide software engineers towards better package maintenance and dependency management. We lack a similar foundation of knowledge to guide behaviors in pre-trained model ecosystems.In this work, we present the first empirical investigation of PTM reuse. We interviewed 12 practitioners from the most popular PTM ecosystem, Hugging Face, to learn the practices and challenges of PTM reuse. From this data, we model the decision-making process for PTM reuse. Based on the identified practices, we describe useful attributes for model reuse, including provenance, reproducibility, and portability. Three challenges for PTM reuse are missing attributes, discrepancies between claimed and actual performance, and model risks. We substantiate these identified challenges with systematic measurements in the Hugging Face ecosystem. Our work informs future directions on optimizing deep learning ecosystems by automated measuring useful attributes and potential attacks, and envision future research on infrastructure and standardization for model registries.",True,True,False,True
DW,True,Recommending Root-Cause and Mitigation Steps for Cloud Incidents Using Large Language Models,"Ahmed, Toufique, Ghosh, Supriyo, Bansal, Chetan, Zimmermann, Thomas, Zhang, Xuchao, Rajmohan, Saravan",https://doi.org/10.1109/ICSE48619.2023.00149,"Incident management for cloud services is a complex process involving several steps and has a huge impact on both service health and developer productivity. On-call engineers require significant amount of domain knowledge and manual effort for root causing and mitigation of production incidents. Recent advances in artificial intelligence has resulted in state-of-the-art large language models like GPT-3.x (both GPT-3.0 and GPT-3.5), which have been used to solve a variety of problems ranging from question answering to text summarization. In this work, we do the first large-scale study to evaluate the effectiveness of these models for helping engineers root cause and mitigate production incidents. We do a rigorous study at Microsoft, on more than 40,000 incidents and compare several large language models in zero-shot, fine-tuned and multi-task setting using semantic and lexical metrics. Lastly, our human evaluation with actual incident owners show the efficacy and future potential of using artificial intelligence for resolving cloud incidents.",False,False,False,True
DW,True,AI-Based Question Answering Assistance for Analyzing Natural-Language Requirements,"Ezzini, Saad, Abualhaija, Sallam, Arora, Chetan, Sabetzadeh, Mehrdad",https://doi.org/10.1109/ICSE48619.2023.00113,"By virtue of being prevalently written in natural language (NL), requirements are prone to various defects, e.g., inconsistency and incompleteness. As such, requirements are frequently subject to quality assurance processes. These processes, when carried out entirely manually, are tedious and may further overlook important quality issues due to time and budget pressures. In this paper, we propose QAssist - a question-answering (QA) approach that provides automated assistance to stakeholders, including requirements engineers, during the analysis of NL requirements. Posing a question and getting an instant answer is beneficial in various quality-assurance scenarios, e.g., incompleteness detection. Answering requirements-related questions automatically is challenging since the scope of the search for answers can go beyond the given requirements specification. To that end, QAssist provides support for mining external domain-knowledge resources. Our work is one of the first initiatives to bring together QA and external domain knowledge for addressing requirements engineering challenges. We evaluate QAssist on a dataset covering three application domains and containing a total of 387 question-answer pairs. We experiment with state-of-the-art QA methods, based primarily on recent large-scale language models. In our empirical study, QAssist localizes the answer to a question to three passages within the requirements specification and within the external domain-knowledge resource with an average recall of 90.1% and 96.5%, respectively. QAssist extracts the actual answer to the posed question with an average accuracy of 84.2%.",True,True,False,True
DW,False,Revisiting Neuron Coverage for DNN Testing: A Layer-Wise and Distribution-Aware Criterion,"Yuan, Yuanyuan, Pang, Qi, Wang, Shuai",https://doi.org/10.1109/ICSE48619.2023.00107,"Various deep neural network (DNN) coverage criteria have been proposed to assess DNN test inputs and steer input mutations. The coverage is characterized via neurons having certain outputs, or the discrepancy between neuron outputs. Nevertheless, recent research indicates that neuron coverage criteria show little correlation with test suite quality.In general, DNNs approximate distributions, by incorporating hierarchical layers, to make predictions for inputs. Thus, we champion to deduce DNN behaviors based on its approximated distributions from a layer perspective. A test suite should be assessed using its induced layer output distributions. Accordingly, to fully examine DNN behaviors, input mutation should be directed toward diversifying the approximated distributions.This paper summarizes eight design requirements for DNN coverage criteria, taking into account distribution properties and practical concerns. We then propose a new criterion, Neural Coverage (NLC), that satisfies all design requirements. NLC treats a single DNN layer as the basic computational unit (rather than a single neuron) and captures four critical properties of neuron output distributions. Thus, NLC accurately describes how DNNs comprehend inputs via approximated distributions. We demonstrate that NLC is significantly correlated with the diversity of a test suite across a number of tasks (classification and generation) and data formats (image and text). Its capacity to discover DNN prediction errors is promising. Test input mutation guided by NLC results in a greater quality and diversity of exposed erroneous behaviors.",True,False,False,True
DW,False,On the Self-Governance and Episodic Changes in Apache Incubator Projects: An Empirical Study,"Yin, Likang, Zhang, Xiyu, Filkov, Vladimir",https://doi.org/10.1109/ICSE48619.2023.00066,"Sustainable Open Source Software (OSS) projects are characterized by the ability to attract new project members and maintain an energetic project community. Building sustainable OSS projects from a nascent state requires effective project governance and socio-technical structure to be interleaved, in a complex and dynamic process. Although individual disciplines have studied each separately, little is known about how governance and software development work together in practice toward sustainability. Prior work has shown that many OSS projects experience large, episodic changes over short periods of time, which can propel them or drag them down. However, sustainable projects typically manage to come out unscathed from such changes, while others do not. The natural questions arise: Can we identify the back-and-forth between governance and socio-technical structure that lead to sustainability following episodic events? And, how about those that do not lead to sustainability?From a data set of social, technical, and policy digital traces from 262 sustainability-labeled ASF incubator projects, here we employ a large-scale empirical study to characterize episodic changes in socio-technical aspects measured by Change Intervals (CI), governance rules and regulations in a form of Institutional Statements (IS), and the temporal relationships between them. We find that sustainable projects during episodic changes can adapt themselves to institutional statements more efficiently, and that institutional discussions can lead to episodic changes intervals in socio-technical aspects of the projects, and vice versa. In practice, these results can provide timely guidance beyond socio-technical considerations, adding rules and regulations in the mix, toward a unified analytical framework for OSS project sustainability.",False,False,False,True
DW,False,Regression Fuzzing for Deep Learning Systems,"You, Hanmo, Wang, Zan, Chen, Junjie, Liu, Shuang, Li, Shuochuan",https://doi.org/10.1109/ICSE48619.2023.00019,"Deep learning (DL) Systems have been widely used in various domains. Similar to traditional software, DL system evolution may also incur regression faults. To find the regression faults between versions of a DL system, we propose a novel regression fuzzing technique called DRFuzz, which facilitates generating inputs that trigger diverse regression faults and have high fidelity. To enhance the diversity of the found regression faults, DRFuzz proposes a diversity-oriented test criterion to explore as many faulty behaviors as possible. Then, DRFuzz incorporates the GAN model to guarantee the fidelity of generated test inputs. We conduct an extensive study on four subjects in four regression scenarios of DL systems. The experimental results demonstrate the superiority of DRFuzz over the two compared state-of-the-art approaches, with an average improvement of 1,177% and 539% in terms of the number of detected regression faults.",True,True,False,True
DW,False,Compiler Test-Program Generation via Memoized Configuration Search,"Chen, Junjie, Suo, Chenyao, Jiang, Jiajun, Chen, Peiqi, Li, Xingjian",https://doi.org/10.1109/ICSE48619.2023.00172,"To ensure compilers' quality, compiler testing has received more and more attention, and test-program generation is the core task. In recent years, some approaches have been proposed to explore test configurations for generating more effective test programs, but they either are restricted by historical bugs or suffer from the cost-effectiveness issue. Here, we propose a novel test-program generation approach (called MCS) to further improving the performance of compiler testing. MCS conducts memoized search via multi-agent reinforcement learning (RL) for guiding the construction of effective test configurations based on the memoization for the explored test configurations during the on-the-fly compiler-testing process. During the process, the elaborate coordination among configuration options can be also well learned by multi-agent RL, which is required for generating bug-triggering test programs. Specifically, MCS considers the diversity among test configurations to efficiently explore the input space and the testing results under each explored configuration to learn which portions of space are more bug-triggering. Our extensive experiments on GCC and LLVM demonstrate the performance of MCS, significantly outperforming the state-of-the-art test-program generation approaches in bug detection. Also, MCS detects 16 new bugs on the latest trunk revisions of GCC and LLVM, and all of them have been confirmed or fixed by developers. MCS has been deployed by a global IT company (i.e., Huawei) for testing their in-house compiler, and detects 10 new bugs (covering all the 5 bugs detected by the compared approaches), all of which have been confirmed.",False,False,False,True
DW,False,Many-Objective Reinforcement Learning for Online Testing of DNN-Enabled Systems,"Haq, Fitash Ul, Shin, Donghwan, Briand, Lionel C.",https://doi.org/10.1109/ICSE48619.2023.00155,"Deep Neural Networks (DNNs) have been widely used to perform real-world tasks in cyber-physical systems such as Autonomous Driving Systems (ADS). Ensuring the correct behavior of such DNN-Enabled Systems (DES) is a crucial topic. Online testing is one of the promising modes for testing such systems with their application environments (simulated or real) in a closed loop, taking into account the continuous interaction between the systems and their environments. However, the environmental variables (e.g., lighting conditions) that might change during the systems' operation in the real world, causing the DES to violate requirements (safety, functional), are often kept constant during the execution of an online test scenario due to the two major challenges: (1) the space of all possible scenarios to explore would become even larger if they changed and (2) there are typically many requirements to test simultaneously.In this paper, we present MORLOT (Many-Objective Reinforcement Learning for Online Testing), a novel online testing approach to address these challenges by combining Reinforcement Learning (RL) and many-objective search. MORLOT leverages RL to incrementally generate sequences of environmental changes while relying on many-objective search to determine the changes so that they are more likely to achieve any of the uncovered objectives. We empirically evaluate MORLOT using CARLA, a high-fidelity simulator widely used for autonomous driving research, integrated with Transfuser, a DNN-enabled ADS for end-to-end driving. The evaluation results show that MORLOT is significantly more effective and efficient than alternatives with a large effect size. In other words, MORLOT is a good option to test DES with dynamically changing environments while accounting for multiple safety requirements.",False,False,False,True
DW,True,Automated Repair of Programs from Large Language Models,"Fan, Zhiyu, Gao, Xiang, Mirchev, Martin, Roychoudhury, Abhik, Tan, Shin Hwei",https://doi.org/10.1109/ICSE48619.2023.00128,"Large language models such as Codex, have shown the capability to produce code for many programming tasks. However, the success rate of existing models is low, especially for complex programming tasks. One of the reasons is that language models lack awareness of program semantics, resulting in incorrect programs, or even programs which do not compile. In this paper, we systematically study whether automated program repair (APR) techniques can fix the incorrect solutions produced by language models in LeetCode contests. The goal is to study whether APR techniques can enhance reliability in the code produced by large language models. Our study revealed that: (1) automatically generated code shares common programming mistakes with human-crafted solutions, indicating APR techniques may have potential to fix auto-generated code; (2) given bug location information provided by a statistical fault localization approach, the newly released Codex edit mode, which supports editing code, is similar to or better than existing Java repair tools TBar and Recoder in fixing incorrect solutions. By analyzing the experimental results generated by these tools, we provide several suggestions: (1) enhancing APR tools to surpass limitations in patch space (e.g., introducing more flexible fault localization) is desirable; (2) as large language models can derive more fix patterns by training on more data, future APR tools could shift focus from adding more fix patterns to synthesis/semantics based approaches, (3) combination of language models with APR to curate patch ingredients, is worth studying.",False,False,False,True
AA,False,Compiling Parallel Symbolic Execution with Continuations,"Wei, Guannan, Jia, Songlin, Gao, Ruiqi, Deng, Haotian, Tan, Shangyin, Bra\v{c",https://doi.org/10.1109/ICSE48619.2023.00116,"Symbolic execution is a powerful program analysis and testing technique. Symbolic execution engines are usually implemented as interpreters, and the induced interpretation overhead can dramatically inhibit performance. Alternatively, implementation choices based on instrumentation provide a limited ability to transform programs. However, the use of compilation and code generation techniques beyond simple instrumentation remains underexplored for engine construction, leaving potential performance gains untapped.In this paper, we show how to tap some of these gains using sophisticated compilation techniques: We present GenSym, an optimizing symbolic-execution compiler that generates symbolic code which explores paths and generates tests in parallel. The key insight of GenSym is to compile symbolic execution tasks into cooperative concurrency via continuation-passing style, which further enables efficient parallelism. The design and implementation of GenSym is based on partial evaluation and generative programming techniques, which make it high-level and performant at the same time. We compare the performance of GenSym against the prior symbolic-execution compiler LLSC and the state-of-the-art symbolic interpreter KLEE. The results show an average 4.6\texttimes{",True,True,False,True
AA,True,Automating Code-Related Tasks Through Transformers: The Impact of Pre-Training,"Tufano, Rosalia, Pascarella, Luca, Bavota, Gabriele",https://doi.org/10.1109/ICSE48619.2023.00203,"Transformers have gained popularity in the software engineering (SE) literature. These deep learning models are usually pre-trained through a self-supervised objective, meant to provide the model with basic knowledge about a language of interest (e.g., Java). A classic pre-training objective is the masked language model (MLM), in which a percentage of tokens from the input (e.g., a Java method) is masked, with the model in charge of predicting them. Once pre-trained, the model is then fine-tuned to support the specific downstream task of interest (e.g., code summarization). While there is evidence suggesting the boost in performance provided by pre-training, little is known about the impact of the specific pre-training objective(s) used. Indeed, MLM is just one of the possible pre-training objectives and recent work from the natural language processing field suggest that pre-training objectives tailored for the specific downstream task of interest may substantially boost the model's performance. For example, in the case of code summarization, a tailored pre-training objective could be the identification of an appropriate name for a given method, considering the method name to generate as an extreme summary. In this study, we focus on the impact of pre-training objectives on the performance of transformers when automating code-related tasks. We start with a systematic literature review aimed at identifying the pre-training objectives used in SE. Then, we pre-train 32 transformers using both (i) generic pre-training objectives usually adopted in SE; and (ii) pre-training objectives tailored to specific code-related tasks subject of our experimentation, namely bug-fixing, code summarization, and code completion. We also compare the pre-trained models with non pre-trained ones and show the advantage brought by pre-training in different scenarios, in which more or less fine-tuning data are available. Our results show that: (i) pre-training helps in boosting performance only if the amount of fine-tuning data available is small; (ii) the MLM objective is usually sufficient to maximize the prediction performance of the model, even when comparing it with pre-training objectives specialized for the downstream task at hand.",False,False,False,True
AA,True,An Empirical Comparison of Pre-Trained Models of Source Code,"Niu, Changan, Li, Chuanyi, Ng, Vincent, Chen, Dongxiao, Ge, Jidong, Luo, Bin",https://doi.org/10.1109/ICSE48619.2023.00180,"While a large number of pre-trained models of source code have been successfully developed and applied to a variety of software engineering (SE) tasks in recent years, our understanding of these pre-trained models is arguably fairly limited. With the goal of advancing our understanding of these models, we perform the first systematic empirical comparison of 19 recently-developed pre-trained models of source code on 13 SE tasks. To gain additional insights into these models, we adopt a recently-developed 4-dimensional categorization of pre-trained models, and subsequently investigate whether there are correlations between different categories of pre-trained models and their performances on different SE tasks.",False,False,False,True
AA,False,Testing Database Engines via Query Plan Guidance,"Ba, Jinsheng, Rigger, Manuel",https://doi.org/10.1109/ICSE48619.2023.00174,"Database systems are widely used to store and query data. Test oracles have been proposed to find logic bugs in such systems, that is, bugs that cause the database system to compute an incorrect result. To realize a fully automated testing approach, such test oracles are paired with a test case generation technique; a test case refers to a database state and a query on which the test oracle can be applied. In this work, we propose the concept of Query Plan Guidance (QPG) for guiding automated testing towards ""interesting"" test cases. SQL and other query languages are declarative. Thus, to execute a query, the database system translates every operator in the source language to one of the potentially many so-called physical operators that can be executed; the tree of physical operators is referred to as the query plan. Our intuition is that by steering testing towards exploring a variety of unique query plans, we also explore more interesting behaviors---some of which are potentially incorrect. To this end, we propose a mutation technique that gradually applies promising mutations to the database state, causing the DBMS to create potentially unseen query plans for subsequent queries. We applied our method to three mature, widely-used, and extensively-tested database systems---SQLite, TiDB, and CockroachDB---and found 53 unique, previously unknown bugs. Our method exercises 4.85--408.48\texttimes{",True,True,False,True
AA,False,Sustainability is Stratified: Toward a Better Theory of Sustainable Software Engineering,"McGuire, Sean, Schultz, Erin, Ayoola, Bimpe, Ralph, Paul",https://doi.org/10.1109/ICSE48619.2023.00169,"Background: Sustainable software engineering (SSE) means creating software in a way that meets present needs without undermining our collective capacity to meet our future needs. It is typically conceptualized as several intersecting dimensions or ""pillars""---environmental, social, economic, technical and individual. However; these pillars are theoretically underdeveloped and require refinement. Objectives: The objective of this paper is to generate a better theory of SSE. Method: First, a scoping review was conducted to understand the state of research on SSE and identify existing models thereof. Next, a meta-synthesis of qualitative research on SSE was conducted to critique and improve the existing models identified. Results: 961 potentially relevant articles were extracted from five article databases. These articles were de-duplicated and then screened independently by two screeners, leaving 243 articles to examine. Of these, 109 were non-empirical, the most common empirical method was systematic review, and no randomized controlled experiments were found. Most papers focus on ecological sustainability (158) and the sustainability of software products (148) rather than processes. A meta-synthesis of 36 qualitative studies produced several key propositions, most notably, that sustainability is stratified (has different meanings at different levels of abstraction) and multisystemic (emerges from interactions among multiple social, technical, and sociotechnical systems). Conclusion: The academic literature on SSE is surprisingly non-empirical. More empirical evaluations of specific sustainability interventions are needed. The sustainability of software development products and processes should be conceptualized as multisystemic and stratified, and assessed accordingly.",False,False,False,True
AA,False,Improving API Knowledge Discovery with ML: A Case Study of Comparable API Methods,"Nam, Daye, Myers, Brad, Vasilescu, Bogdan, Hellendoorn, Vincent",https://doi.org/10.1109/ICSE48619.2023.00161,"Developers constantly learn new APIs, but often lack necessary information from documentation, resorting instead to popular question-and-answer platforms such as Stack Overflow. In this paper, we investigate how to use recent machine-learning-based knowledge extraction techniques to automatically identify pairs of comparable API methods and the sentences describing the comparison from Stack Overflow answers. We first built a prototype that can be stocked with a dataset of comparable API methods and provides tool-tips to users in search results and in API documentation. We conducted a user study with this tool based on a dataset of TensorFlow comparable API methods spanning 198 hand-annotated facts from Stack Overflow posts. This study confirmed that providing comparable API methods can be useful for helping developers understand the design space of APIs: developers using our tool were significantly more aware of the comparable API methods and better understood the differences between them. We then created SOREL, an comparable API methods knowledge extraction tool trained on our hand-annotated corpus, which achieves a 71% precision and 55% recall at discovering our manually extracted facts and discovers 433 pairs of comparable API methods from thousands of unseen Stack Overflow posts. This work highlights the merit of jointly studying programming assistance tools and constructing machine learning techniques to power them.",True,False,True,True
AA,True,Automated Summarization of Stack Overflow Posts,"Kou, Bonan, Chen, Muhao, Zhang, Tianyi",https://doi.org/10.1109/ICSE48619.2023.00158,"Software developers often resort to Stack Overflow (SO) to fill their programming needs. Given the abundance of relevant posts, navigating them and comparing different solutions is tedious and time-consuming. Recent work has proposed to automatically summarize SO posts to concise text to facilitate the navigation of SO posts. However, these techniques rely only on information retrieval methods or heuristics for text summarization, which is insufficient to handle the ambiguity and sophistication of natural language.This paper presents a deep learning based framework called Assort for SO post summarization. Assort includes two complementary learning methods, AssortS and AssortIS, to address the lack of labeled training data for SO post summarization. AssortS is designed to directly train a novel ensemble learning model with BERT embeddings and domain-specific features to account for the unique characteristics of SO posts. By contrast, AssortIS is designed to reuse pre-trained models while addressing the domain shift challenge when no training data is present (i.e., zero-shot learning). Both AssortS and AssortIS outperform six existing techniques by at least 13% and 7% respectively in terms of the F1 score. Furthermore, a human study shows that participants significantly preferred summaries generated by AssortS and AssortIS over the best baseline, while the preference difference between AssortS and AssortIS was small.",False,False,False,True
AA,False,LogReducer: Identify and Reduce Log Hotspots in Kernel on the Fly,"Yu, Guangba, Chen, Pengfei, Li, Pairui, Weng, Tianjun, Zheng, Haibing, Deng, Yuetang, Zheng, Zibin",https://doi.org/10.1109/ICSE48619.2023.00151,"Modern systems generate a massive amount of logs to detect and diagnose system faults, which incurs expensive storage costs and runtime overhead. After investigating real-world production logs, we observe that most of the logging overhead is due to a small number of log templates, referred to as log hotspots. Therefore, we conduct a systematical study about log hotspots in an industrial system WeChat, which motivates us to identify log hotspots and reduce them on the fly. In this paper, we propose LogReducer, a non-intrusive and language-independent log reduction framework based on eBPF (Extended Berkeley Packet Filter), consisting of both online and offline processes. After two months of serving the offline process of LogReducer in WeChat, the log storage overhead has dropped from 19.7 PB per day to 12.0 PB (i.e., about a 39.08% decrease). Practical implementation and experimental evaluations in the test environment demonstrate that the online process of LogReducer can control the logging overhead of hotspots while preserving logging effectiveness. Moreover, the log hotspot handling time can be reduced from an average of 9 days in production to 10 minutes in the test with the help of LogReducer.",False,False,False,True
AA,False,Lejacon: A Lightweight and Efficient Approach to Java Confidential Computing on SGX,"Miao, Xinyuan, Lin, Ziyi, Wang, Shaojun, Yu, Lei, Li, Sanhong, Wang, Zihan, Nie, Pengbo, Chen, Yuting, Shen, Beijun, Jiang, He",https://doi.org/10.1109/ICSE48619.2023.00142,"Intel's SGX is a confidential computing technique. It allows key functionalities of C/C++/native applications to be confidentially executed in hardware enclaves. However, numerous cloud applications are written in Java. For supporting their confidential computing, state-of-the-art approaches deploy Java Virtual Machines (JVMs) in enclaves and perform confidential computing on JVMs. Meanwhile, these JVM-in-enclave solutions still suffer from serious limitations, such as heavy overheads of running JVMs in enclaves, large attack surfaces, and deep computation stacks. To mitigate the above limitations, we formalize a Secure Closed-World (SCW) principle and then propose Lejacon, a lightweight and efficient approach to Java confidential computing. The key idea is, given a Java application, to (1) separately compile its confidential computing tasks into a bundle of Native Confidential Computing (NCC) services; (2) run the NCC services in enclaves on the Trusted Execution Environment (TEE) side, and meanwhile run the non-confidential code on a JVM on the Rich Execution Environment (REE) side. The two sides interact with each other, protecting confidential computing tasks and as well keeping the Trusted Computing Base (TCB) size small.We implement Lejacon and evaluate it against OcclumJ (a state-of-the-art JVM-in-enclave solution) on a set of benchmarks using the BouncyCastle cryptography library. The evaluation results clearly show the strengths of Lejacon: it achieves competitive performance in running Java confidential code in enclaves; compared with OcclumJ, Lejacon achieves speedups by up to 16.2\texttimes{",False,False,False,True
AA,True,Automated Program Repair in the Era of Large Pre-Trained Language Models,"Xia, Chunqiu Steven, Wei, Yuxiang, Zhang, Lingming",https://doi.org/10.1109/ICSE48619.2023.00129,"Automated Program Repair (APR) aims to help developers automatically patch software bugs. However, current state-of-the-art traditional and learning-based APR techniques face the problem of limited patch variety, failing to fix complicated bugs. This is mainly due to the reliance on bug-fixing datasets to craft fix templates (traditional) or directly predict potential patches (learning-based). Large Pre-Trained Language Models (LLMs), trained using billions of text/code tokens, can potentially help avoid this issue. Very recently, researchers have directly leveraged LLMs for APR without relying on any bug-fixing datasets. Meanwhile, such existing work either failed to include state-of-the-art LLMs or was not evaluated on realistic datasets. Thus, the true power of modern LLMs on the important APR problem is yet to be revealed.In this work, we perform the first extensive study on directly applying LLMs for APR. We select 9 recent state-of-the-art LLMs, including both generative and infilling models, ranging from 125M to 20B in size. We designed 3 different repair settings to evaluate the different ways we can use LLMs to generate patches: 1) generate the entire patch function, 2) fill in a chunk of code given the prefix and suffix 3) output a single line fix. We apply the LLMs under these repair settings on 5 datasets across 3 different languages and compare different LLMs in the number of bugs fixed, generation speed and compilation rate. We also compare the LLMs against recent state-of-the-art APR tools. Our study demonstrates that directly applying state-of-the-art LLMs can already substantially outperform all existing APR techniques on all our datasets. Among the studied LLMs, the scaling effect exists for APR where larger models tend to achieve better performance. Also, we show for the first time that suffix code after the buggy line (adopted in infilling-style APR) is important in not only generating more fixes but more patches with higher compilation rate. Besides patch generation, the LLMs consider correct patches to be more natural than other ones, and can even be leveraged for effective patch ranking or patch correctness checking. Lastly, we show that LLM-based APR can be further substantially boosted via: 1) increasing the sample size, and 2) incorporating fix template information.",False,False,False,True
AA,True,Impact of Code Language Models on Automated Program Repair,"Jiang, Nan, Liu, Kevin, Lutellier, Thibaud, Tan, Lin",https://doi.org/10.1109/ICSE48619.2023.00125,"Automated program repair (APR) aims to help developers improve software reliability by generating patches for buggy programs. Although many code language models (CLM) are developed and effective in many software tasks such as code completion, there has been little comprehensive, in-depth work to evaluate CLMs' fixing capabilities and to fine-tune CLMs for the APR task.Firstly, this work is the first to evaluate ten CLMs on four APR benchmarks, which shows that surprisingly, the best CLM, as is, fixes 72% more bugs than the state-of-the-art deep-learning (DL)-based APR techniques. Secondly, one of the four APR benchmarks was created by us in this paper to avoid data leaking for a fair evaluation. Thirdly, it is the first work to fine-tune CLMs with APR training data, which shows that fine-tuning brings 31%--1,267% improvement to CLMs and enables them to fix 46%--164% more bugs than existing DL-based APR techniques. Fourthly, this work studies the impact of buggy lines, showing that CLMs, as is, cannot make good use of the buggy lines to fix bugs, yet fine-tuned CLMs could potentially over-rely on buggy lines. Lastly, this work analyzes the size, time, and memory efficiency of different CLMs.This work shows promising directions for the APR domain, such as fine-tuning CLMs with APR-specific designs, and also raises awareness of fair and comprehensive evaluations of CLMs and calls for more transparent reporting of open-source repositories used in the pre-training data to address the data leaking problem.",True,False,True,True
AA,True,Fill in the Blank: Context-Aware Automated Text Input Generation for Mobile GUI Testing,"Liu, Zhe, Chen, Chunyang, Wang, Junjie, Che, Xing, Huang, Yuekai, Hu, Jun, Wang, Qing",https://doi.org/10.1109/ICSE48619.2023.00119,"Automated GUI testing is widely used to help ensure the quality of mobile apps. However, many GUIs require appropriate text inputs to proceed to the next page, which remains a prominent obstacle for testing coverage. Considering the diversity and semantic requirement of valid inputs (e.g., flight departure, movie name), it is challenging to automate the text input generation. Inspired by the fact that the pre-trained Large Language Model (LLM) has made outstanding progress in text generation, we propose an approach named QTypist based on LLM for intelligently generating semantic input text according to the GUI context. To boost the performance of LLM in the mobile testing scenario, we develop a prompt-based data construction and tuning method which automatically extracts the prompts and answers for model tuning. We evaluate QTypist on 106 apps from Google Play, and the result shows that the passing rate of QTypist is 87%, which is 93% higher than the best baseline. We also integrate QTypist with the automated GUI testing tools and it can cover 42% more app activities, 52% more pages, and subsequently help reveal 122% more bugs compared with the raw tool.",False,False,False,True
AA,False,Software Engineering as the Linchpin of Responsible AI,"Zhu, Liming",https://doi.org/10.1109/ICSE48619.2023.00012,"From humanity's existential risks to safety risks in critical systems to ethical risks, responsible AI, as the saviour, has become a major research challenge with significant real-world consequences. However, achieving responsible AI remains elusive despite the plethora of high-level ethical principles, risk frameworks and progress in algorithmic assurance. In the meantime, software engineering (SE) is being upended by AI, grappling with building system-level quality and alignment from inscrutable machine learning models and code generated from natural language prompts. The upending poses new challenges and opportunities for engineering AI systems responsibly. This talk will share our experiences in helping the industry achieve responsible AI systems by inventing new SE approaches. It will dive into industry challenges (such as risk silos and principle-algorithm gaps) and research challenges (such as lack of requirements, emerging properties and inscrutable systems) and make the point that SE is the linchpin of responsible AI. But SE also requires some fundamental rethinking - shifting from building functions into AI systems to discovering and managing emerging functions from AI systems. Only by doing so can SE take on critical new roles, from understanding human intelligence to building a thriving human-AI symbiosis.",False,False,False,True
AA,True,On-Demand Security Requirements Synthesis with Relational Generative Adversarial Networks,"Koscinski, Viktoria, Hashemi, Sara, Mirakhorli, Mehdi",https://doi.org/10.1109/ICSE48619.2023.00139,"Security requirements engineering is a manual and error-prone activity that is often neglected due to the knowledge gap between cybersecurity professionals and software requirements engineers. In this paper, we aim to automate the process of recommending and synthesizing security requirements specifications and therefore supporting requirements engineers in soliciting and specifying security requirements. We investigate the use of Relational Generative Adversarial Networks (GANs) in automatically synthesizing security requirements specifications. We evaluate our approach using a real case study of the Court Case Management System (CCMS) developed for the Indiana Supreme Court's Division of State Court Administration. We present an approach based on RelGAN to generate security requirements specifications for the CCMS. We show that RelGAN is practical for synthesizing security requirements specifications as indicated by subject matter experts. Based on this study, we demonstrate promising results for the use of GANs in the software requirements synthesis domain. We also provide a baseline for synthesizing requirements, highlight limitations and weaknesses of RelGAN and define opportunities for further investigations.",False,False,False,True
AA,True,CCTest: Testing and Repairing Code Completion Systems,"Li, Zongjie, Wang, Chaozheng, Liu, Zhibo, Wang, Haoxuan, Chen, Dong, Wang, Shuai, Gao, Cuiyun",https://doi.org/10.1109/ICSE48619.2023.00110,"Code completion, a highly valuable topic in the software development domain, has been increasingly promoted for use by recent advances in large language models (LLMs). To date, visible LLM-based code completion frameworks such as GitHub Copilot and GPT are trained using deep learning over vast quantities of unstructured text and open source code. As the paramount component and the cornerstone in daily programming tasks, code completion has largely boosted professionals' efficiency in building real-world software systems.In contrast to this flourishing market, we find that code completion systems often output suspicious results, and to date, an automated testing and enhancement framework for code completion systems is not available. This research proposes CCTEST, a framework to test and repair code completion systems in black-box settings. CCTest features a set of novel mutation strategies, namely program structure-consistent (PSC) mutations, to generate mutated code completion inputs. Then, it detects inconsistent outputs, representing possibly erroneous cases, from all the completed code cases. Moreover, CCTest repairs the code completion outputs by selecting the output that mostly reflects the ""average"" appearance of all output cases, as the final output of the code completion systems. With around 18K test inputs, we detected 33,540 inputs that can trigger erroneous cases (with a true positive rate of 86%) from eight popular LLM-based code completion systems. With repairing, we show that the accuracy of code completion systems is notably increased by 40% and 67% with respect to BLEU score and Levenshtein edit similarity.",False,False,False,True
AA,False,Lightweight Approaches to DNN Regression Error Reduction: An Uncertainty Alignment Perspective,"Li, Zenan, Zhang, Maorun, Xu, Jingwei, Yao, Yuan, Cao, Chun, Chen, Taolue, Ma, Xiaoxing, L\""{u",https://doi.org/10.1109/ICSE48619.2023.00106,"Regression errors of Deep Neural Network (DNN) models refer to the case that predictions were correct by the old-version model but wrong by the new-version model. They frequently occur when upgrading DNN models in production systems, causing disproportionate user experience degradation. In this paper, we propose a lightweight regression error reduction approach with two goals: 1) requiring no model retraining and even data, and 2) not sacrificing the accuracy. The proposed approach is built upon the key insight rooted in the unmanaged model uncertainty, which is intrinsic to DNN models, but has not been thoroughly explored especially in the context of quality assurance of DNN models. Specifically, we propose a simple yet effective ensemble strategy that estimates and aligns the two models' uncertainty. We show that a Pareto improvement that reduces the regression errors without compromising the overall accuracy can be guaranteed in theory and largely achieved in practice. Comprehensive experiments with various representative models and datasets confirm that our approaches significantly outperform the state-of-the-art alternatives.",False,False,False,True
AA,False,When to Say What: Learning to Find Condition-Message Inconsistencies,"Bouzenia, Islem, Pradel, Michael",https://doi.org/10.1109/ICSE48619.2023.00081,"Programs often emit natural language messages, e.g., in logging statements or exceptions raised on unexpected paths. To be meaningful to users and developers, the message, i.e., what to say, must be consistent with the condition under which it gets triggered, i.e., when to say it. However, checking for inconsistencies between conditions and messages is challenging because the conditions are expressed in the logic of the programming language, while messages are informally expressed in natural language. This paper presents CMI-Finder, an approach for detecting condition-message inconsistencies. CMI-Finder is based on a neural model that takes a condition and a message as its input and then predicts whether the two are consistent. To address the problem of obtaining realistic, diverse, and large-scale training data, we present six techniques to generate large numbers of inconsistent examples to learn from automatically. Moreover, we describe and compare three neural models, which are based on binary classification, triplet loss, and fine-tuning, respectively. Our evaluation applies the approach to 300K condition-message statements extracted from 42 million lines of Python code. The best model achieves a precision of 78% at a recall of 72% on a dataset of past bug fixes. Applying the approach to the newest versions of popular open-source projects reveals 50 previously unknown bugs, 19 of which have been confirmed by the developers so far.",True,True,False,True
FS,False,Developer-Intent Driven Code Comment Generation,"Mu, Fangwen, Chen, Xiao, Shi, Lin, Wang, Song, Wang, Qing",https://doi.org/10.1109/ICSE48619.2023.00073,"Existing automatic code comment generators mainly focus on producing a general description of functionality for a given code snippet without considering developer intentions. However, in real-world practice, comments are complicated, which often contain information reflecting various intentions of developers, e.g., functionality summarization, design rationale, implementation details, code properties, etc. To bridge the gap between automatic code comment generation and real-world comment practice, we define Developer-Intent Driven Code Comment Generation, which can generate intent-aware comments for the same source code with different intents. To tackle this challenging task, we propose DOME, an approach that utilizes Intent-guided Selective Attention to explicitly select intent-relevant information from the source code, and produces various comments reflecting different intents. Our approach is evaluated on two real-world Java datasets, and the experimental results show that our approach outperforms the state-of-the-art baselines. A human evaluation also confirms the significant potential of applying DOME in practical usage, enabling developers to comment code effectively according to their own needs.",False,False,False,True
FS,False,MirrorTaint: Practical Non-Intrusive Dynamic Taint Tracking for JVM-Based Microservice Systems,"Ouyang, Yicheng, Shao, Kailai, Chen, Kunqiu, Shen, Ruobing, Chen, Chao, Xu, Mingze, Zhang, Yuqun, Zhang, Lingming",https://doi.org/10.1109/ICSE48619.2023.00210,"Taint analysis, i.e., labeling data and propagating the labels through data flows, has been widely used for analyzing program information flows and ensuring system/data security. Due to its important applications, various taint analysis techniques have been proposed, including static and dynamic taint analysis. However, existing taint analysis techniques can be hardly applied to the rising microservice systems for industrial applications. To address such a problem, in this paper, we proposed the first practical non-intrusive dynamic taint analysis technique MirrorTaint for extensively supporting microservice systems on JVMs. In particular, by instrumenting the microservice systems, MirrorTaint constructs a set of data structures with their respective policies for labeling/propagating taints in its mirrored space. Such data structures are essentially non-intrusive, i.e., modifying no program meta-data or runtime system. Then, during program execution, MirrorTaint replicates the stack-based JVM instruction execution in its mirrored space on-the-fly for dynamic taint tracking. We have evaluated MirrorTaint against state-of-the-art dynamic and static taint analysis systems on various popular open-source microservice systems. The results demonstrate that MirrorTaint can achieve better compatibility, quite close precision and higher recall (97.9%/100.0%) than state-of-the-art Phosphor (100.0%/9.9%) and FlowDroid (100%/28.2%). Also, MirrorTaint incurs lower runtime overhead than Phosphor (although both are dynamic techniques). Moreover, we have performed a case study in Ant Group, a global billion-user FinTech company, to compare MirrorTaint and their mature developer-experience-based data checking system for automatically generated fund documents. The result shows that the developer experience can be incomplete, causing the data checking system to only cover 84.0% total data relations, while MirrorTaint can automatically find 99.0% relations with 100.0% precision. Lastly, we also applied MirrorTaint to successfully detect a recently wide-spread Log4j2 security vulnerability.",False,False,False,True
FS,True,Large Language Models are Few-Shot Testers: Exploring LLM-Based General Bug Reproduction,"Kang, Sungmin, Yoon, Juyeon, Yoo, Shin",https://doi.org/10.1109/ICSE48619.2023.00194,"Many automated test generation techniques have been developed to aid developers with writing tests. To facilitate full automation, most existing techniques aim to either increase coverage, or generate exploratory inputs. However, existing test generation techniques largely fall short of achieving more semantic objectives, such as generating tests to reproduce a given bug report. Reproducing bugs is nonetheless important, as our empirical study shows that the number of tests added in open source repositories due to issues was about 28% of the corresponding project test suite size. Meanwhile, due to the difficulties of transforming the expected program semantics in bug reports into test oracles, existing failure reproduction techniques tend to deal exclusively with program crashes, a small subset of all bug reports. To automate test generation from general bug reports, we propose LIBRO, a framework that uses Large Language Models (LLMs), which have been shown to be capable of performing code-related tasks. Since LLMs themselves cannot execute the target buggy code, we focus on post-processing steps that help us discern when LLMs are effective, and rank the produced tests according to their validity. Our evaluation of LIBRO shows that, on the widely studied Defects4J benchmark, LIBRO can generate failure reproducing test cases for 33% of all studied cases (251 out of 750), while suggesting a bug reproducing test in first place for 149 bugs. To mitigate data contamination (i.e., the possibility of the LLM simply remembering the test code either partially or in whole), we also evaluate LIBRO against 31 bug reports submitted after the collection of the LLM training data terminated: LIBRO produces bug reproducing tests for 32% of the studied bug reports. Overall, our results show LIBRO has the potential to significantly enhance developer efficiency by automatically generating tests from bug reports.",True,False,False,True
FS,False,Information-Theoretic Testing and Debugging of Fairness Defects in Deep Neural Networks,"Monjezi, Verya, Trivedi, Ashutosh, Tan, Gang, Tizpaz-Niari, Saeid",https://doi.org/10.1109/ICSE48619.2023.00136,"The deep feedforward neural networks (DNNs) are increasingly deployed in socioeconomic critical decision support software systems. DNNs are exceptionally good at finding minimal, sufficient statistical patterns within their training data. Consequently, DNNs may learn to encode decisions---amplifying existing biases or introducing new ones---that may disadvantage protected individuals/groups and may stand to violate legal protections. While the existing search based software testing approaches have been effective in discovering fairness defects, they do not supplement these defects with debugging aids---such as severity and causal explanations---crucial to help developers triage and decide on the next course of action. Can we measure the severity of fairness defects in DNNs? Are these defects symptomatic of improper training or they merely reflect biases present in the training data? To answer such questions, we present DICE: an information-theoretic testing and debugging framework to discover and localize fairness defects in DNNs.The key goal of DICE is to assist software developers in triaging fairness defects by ordering them by their severity. Towards this goal, we quantify fairness in terms of protected information (in bits) used in decision making. A quantitative view of fairness defects not only helps in ordering these defects, our empirical evaluation shows that it improves the search efficiency due to resulting smoothness of the search space. Guided by the quantitative fairness, we present a causal debugging framework to localize inadequately trained layers and neurons responsible for fairness defects. Our experiments over ten DNNs, developed for socially critical tasks, show that DICE efficiently characterizes the amounts of discrimination, effectively generates discriminatory instances (vis-a-vis the state-of-the-art techniques), and localizes layers/neurons with significant biases.",True,True,False,True
FS,False,Autonomy Is an Acquired Taste: Exploring Developer Preferences for GitHub Bots,"Ghorbani, Amir, Cassee, Nathan, Robinson, Derek, Alami, Adam, Ernst, Neil A., Serebrenik, Alexander, W\k{a",https://doi.org/10.1109/ICSE48619.2023.00123,"Software bots fulfill an important role in collective software development, and their adoption by developers promises increased productivity. Past research has identified that bots that communicate too often can irritate developers, which affects the utility of the bot. However, it is not clear what other properties of human-bot collaboration affect developers' preferences, or what impact these properties might have. The main idea of this paper is to explore characteristics affecting developer preferences for interactions between humans and bots, in the context of GitHub pull requests. We carried out an exploratory sequential study with interviews and a subsequent vignette-based survey. We find developers generally prefer bots that are personable but show little autonomy, however, more experienced developers tend to prefer more autonomous bots. Based on this empirical evidence, we recommend bot developers increase configuration options for bots so that individual developers and projects can configure bots to best align with their own preferences and project cultures.",False,False,False,True
FS,False,Silent Vulnerable Dependency Alert Prediction with Vulnerability Key Aspect Explanation,"Sun, Jiamou, Xing, Zhenchang, Lu, Qinghua, Xu, Xiwei, Zhu, Liming, Hoang, Thong, Zhao, Dehai",https://doi.org/10.1109/ICSE48619.2023.00089,"Due to convenience, open-source software is widely used. For beneficial reasons, open-source maintainers often fix the vulnerabilities silently, exposing their users unaware of the updates to threats. Previous works all focus on black-box binary detection of the silent dependency alerts that suffer from high false-positive rates. Open-source software users need to analyze and explain AI prediction themselves. Explainable AI becomes remarkable as a complementary of black-box AI models, providing details in various forms to explain AI decisions. Noticing there is still no technique that can discover silent dependency alert on time, in this work, we propose a framework using an encoder-decoder model with a binary detector to provide explainable silent dependency alert prediction. Our model generates 4 types of vulnerability key aspects including vulnerability type, root cause, attack vector, and impact to enhance the trustworthiness and users' acceptance to alert prediction. By experiments with several models and inputs, we confirm CodeBERT with both commit messages and code changes achieves the best results. Our user study shows that explainable alert predictions can help users find silent dependency alert more easily than black-box predictions. To the best of our knowledge, this is the first research work on the application of Explainable AI in silent dependency alert prediction, which opens the door of the related domains.",False,False,False,True
FS,True,CodaMosa: Escaping Coverage Plateaus in Test Generation with Pre-Trained Large Language Models,"Lemieux, Caroline, Inala, Jeevana Priya, Lahiri, Shuvendu K., Sen, Siddhartha",https://doi.org/10.1109/ICSE48619.2023.00085,"Search-based software testing (SBST) generates high-coverage test cases for programs under test with a combination of test case generation and mutation. SBST's performance relies on there being a reasonable probability of generating test cases that exercise the core logic of the program under test. Given such test cases, SBST can then explore the space around them to exercise various parts of the program. This paper explores whether Large Language Models (LLMs) of code, such as OpenAI's Codex, can be used to help SBST's exploration. Our proposed algorithm, CodaMosa, conducts SBST until its coverage improvements stall, then asks Codex to provide example test cases for under-covered functions. These examples help SBST redirect its search to more useful areas of the search space. On an evaluation over 486 benchmarks, CodaMosa achieves statistically significantly higher coverage on many more benchmarks (173 and 279) than it reduces coverage on (10 and 4), compared to SBST and LLM-only baselines.",False,False,False,True
FS,False,Data Quality Matters: A Case Study of Obsolete Comment Detection,"Xu, Shengbin, Yao, Yuan, Xu, Feng, Gu, Tianxiao, Xu, Jingwei, Ma, Xiaoxing",https://doi.org/10.1109/ICSE48619.2023.00074,"Machine learning methods have achieved great success in many software engineering tasks. However, as a data-driven paradigm, how would the data quality impact the effectiveness of these methods remains largely unexplored. In this paper, we explore this problem under the context of just-in-time obsolete comment detection. Specifically, we first conduct data cleaning on the existing benchmark dataset, and empirically observe that with only 0.22% label corrections and even 15.0% fewer data, the existing obsolete comment detection approaches can achieve up to 10.7% relative accuracy improvement. To further mitigate the data quality issues, we propose an adversarial learning framework to simultaneously estimate the data quality and make the final predictions. Experimental evaluations show that this adversarial learning framework can further improve the relative accuracy by up to 18.1% compared to the state-of-the-art method. Although our current results are from the obsolete comment detection problem, we believe that the proposed two-phase solution, which handles the data quality issues through both the data aspect and the algorithm aspect, is also generalizable and applicable to other machine learning based software engineering tasks.",False,False,False,True
FS,False,Syntax and Domain Aware Model for Unsupervised Program Translation,"Liu, Fang, Li, Jia, Zhang, Li",https://doi.org/10.1109/ICSE48619.2023.00072,"There is growing interest in software migration as the development of software and society. Manually migrating projects between languages is error-prone and expensive. In recent years, researchers have begun to explore automatic program translation using supervised deep learning techniques by learning from large-scale parallel code corpus. However, parallel resources are scarce in the programming language domain, and it is costly to collect bilingual data manually. To address this issue, several unsupervised programming translation systems are proposed. However, these systems still rely on huge monolingual source code to train, which is very expensive. Besides, these models cannot perform well for translating the languages that are not seen during the pre-training procedure. In this paper, we propose SDA-Trans, a syntax and domain-aware model for program translation, which leverages the syntax structure and domain knowledge to enhance the cross-lingual transfer ability. SDA-Trans adopts unsupervised training on a smaller-scale corpus, including Python and Java monolingual programs. The experimental results on function translation tasks between Python, Java, and C++ show that SDA-Trans outperforms many large-scale pre-trained models, especially for unseen language translation.",False,False,False,True
FS,True,Explaining Software Bugs Leveraging Code Structures in Neural Machine Translation,"Mahbub, Parvez, Shuvo, Ohiduzzaman, Rahman, Mohammad Masudur",https://doi.org/10.1109/ICSE48619.2023.00063,"Software bugs claim  50% of development time and cost the global economy billions of dollars. Once a bug is reported, the assigned developer attempts to identify and understand the source code responsible for the bug and then corrects the code. Over the last five decades, there has been significant research on automatically finding or correcting software bugs. However, there has been little research on automatically explaining the bugs to the developers, which is essential but a highly challenging task. In this paper, we propose Bugsplainer, a transformer-based generative model, that generates natural language explanations for software bugs by learning from a large corpus of bug-fix commits. Bugsplainer can leverage structural information and buggy patterns from the source code to generate an explanation for a bug. Our evaluation using three performance metrics shows that Bugsplainer can generate understandable and good explanations according to Google's standard, and can outperform multiple baselines from the literature. We also conduct a developer study involving 20 participants where the explanations from Bugsplainer were found to be more accurate, more precise, more concise and more useful than the baselines.",True,False,False,True
FS,True,CrossCodeBench: Benchmarking Cross-Task Generalization of Source Code Models,"Niu, Changan, Li, Chuanyi, Ng, Vincent, Luo, Bin",https://doi.org/10.1109/ICSE48619.2023.00055,"Despite the recent advances showing that a model pre-trained on large-scale source code data is able to gain appreciable generalization capability, it still requires a sizeable amount of data on the target task for fine-tuning. And the effectiveness of the model generalization is largely affected by the size and quality of the fine-tuning data, which is detrimental for target tasks with limited or unavailable resources. Therefore, cross-task generalization, with the goal of improving the generalization of the model to unseen tasks that have not been seen before, is of strong research and application value.In this paper, we propose a large-scale benchmark that includes 216 existing code-related tasks. Then, we annotate each task with the corresponding meta information such as task description and instruction, which contains detailed information about the task and a solution guide. This also helps us to easily create a wide variety of ""training/evaluation"" task splits to evaluate the various cross-task generalization capabilities of the model. Then we perform some preliminary experiments to demonstrate that the cross-task generalization of models can be largely improved by in-context learning methods such as few-shot learning and learning from task instructions, which shows the promising prospects of conducting cross-task learning research on our benchmark. We hope that the collection of the datasets and our benchmark will facilitate future work that is not limited to cross-task generalization.",False,False,False,True
FS,False,CoLeFunDa: Explainable Silent Vulnerability Fix Identification,"Zhou, Jiayuan, Pacheco, Michael, Chen, Jinfu, Hu, Xing, Xia, Xin, Lo, David, Hassan, Ahmed E.",https://doi.org/10.1109/ICSE48619.2023.00214,"It is common practice for OSS users to leverage and monitor security advisories to discover newly disclosed OSS vulnerabilities and their corresponding patches for vulnerability remediation. It is common for vulnerability fixes to be publicly available one week earlier than their disclosure. This gap in time provides an opportunity for attackers to exploit the vulnerability. Hence, OSS users need to sense the fix as early as possible so that the vulnerability can be remediated before it is exploited. However, it is common for OSS to adopt a vulnerability disclosure policy which causes the majority of vulnerabilities to be fixed silently, meaning the commit with the fix does not indicate any vulnerability information. In this case even if a fix is identified, it is hard for OSS users to understand the vulnerability and evaluate its potential impact. To improve early sensing of vulnerabilities, the identification of silent fixes and their corresponding explanations (e.g., the corresponding common weakness enumeration (CWE) and exploitability rating) are equally important.However, it is challenging to identify silent fixes and provide explanations due to the limited and diverse data. To tackle this challenge, we propose CoLeFunDa: a framework consisting of a Contrastive Learner and FunDa, which is a novel approach for Function change Data augmentation. FunDa first increases the fix data (i.e., code changes) at the function level with unsupervised and supervised strategies. Then the contrastive learner leverages contrastive learning to effectively train a function change encoder, FCBERT, from diverse fix data. Finally, we leverage FCBERT to further fine-tune three downstream tasks, i.e., silent fix identification, CWE category classification, and exploitability rating classification, respectively. Our result shows that CoLeFunDa outperforms all the state-of-art baselines in all downstream tasks. We also conduct a survey to verify the effectiveness of CoLeFunDa in practical usage. The result shows that CoLeFunDa can categorize 62.5% (25 out of 40) CVEs with correct CWE categories within the top 2 recommendations.",False,False,False,True
FS,True,Retrieval-Based Prompt Selection for Code-Related Few-Shot Learning,"Nashid, Noor, Sintaha, Mifta, Mesbah, Ali",https://doi.org/10.1109/ICSE48619.2023.00205,"Large language models trained on massive code corpora can generalize to new tasks without the need for task-specific fine-tuning. In few-shot learning, these models take as input a prompt, composed of natural language instructions, a few instances of task demonstration, and a query and generate an output. However, the creation of an effective prompt for code-related tasks in few-shot learning has received little attention. We present a technique for prompt creation that automatically retrieves code demonstrations similar to the developer task, based on embedding or frequency analysis. We apply our approach, CEDAR, to two different programming languages, statically and dynamically typed, and two different tasks, namely, test assertion generation and program repair. For each task, we compare CEDAR with state-of-the-art task-specific and fine-tuned models. The empirical results show that, with only a few relevant code demonstrations, our prompt creation technique is effective in both tasks with an accuracy of 76% and 52% for exact matches in test assertion generation and program repair tasks, respectively. For assertion generation, CEDAR outperforms existing task-specific and fine-tuned models by 333% and 11%, respectively. For program repair, CEDAR yields 189% better accuracy than task-specific models and is competitive with recent fine-tuned models. These findings have practical implications for practitioners, as CEDAR could potentially be applied to multilingual and multitask settings without task or language-specific training with minimal examples and effort.",False,False,False,True
FS,True,On the Applicability of Language Models to Block-Based Programs,"Griebl, Elisabeth, Fein, Benedikt, Oberm\""{u",https://doi.org/10.1109/ICSE48619.2023.00199,"Block-based programming languages like SCRATCH are increasingly popular for programming education and end-user programming. Recent program analyses build on the insight that source code can be modelled using techniques from natural language processing. Many of the regularities of source code that support this approach are due to the syntactic overhead imposed by textual programming languages. This syntactic overhead, however, is precisely what block-based languages remove in order to simplify programming. Consequently, it is unclear how well this modelling approach performs on block-based programming languages. In this paper, we investigate the applicability of language models for the popular block-based programming language SCRATCH. We model SCRATCH programs using n-gram models, the most essential type of language model, and transformers, a popular deep learning model. Evaluation on the example tasks of code completion and bug finding confirm that blocks inhibit predictability, but the use of language models is nevertheless feasible. Our findings serve as foundation for improving tooling and analyses for block-based languages.",False,False,False,True
FS,False,DLInfer: Deep Learning with Static Slicing for Python Type Inference,"Yan, Yanyan, Feng, Yang, Fan, Hongcheng, Xu, Baowen",https://doi.org/10.1109/ICSE48619.2023.00170,"Python programming language has gained enormous popularity in the past decades. While its flexibility significantly improves software development productivity, the dynamic typing feature challenges software maintenance and quality assurance. To facilitate programming and type error checking, the Python programming language has provided a type hint mechanism enabling developers to annotate type information for variables. However, this manual annotation process often requires plenty of resources and may introduce errors.In this paper, we propose a deep learning type inference technique, namely DLInfer, to automatically infer the type information for Python programs. DLInfer collects slice statements for variables through static analysis and then vectorizes them with the Unigram Language Model algorithm. Based on the vectorized slicing features, we designed a bi-directional gated recurrent unit model to learn the type propagation information for inference. To validate the effectiveness of DLInfer, we conduct an extensive empirical study on 700 open-source projects. We evaluate its accuracy in inferring three kinds of fundamental types, including built-in, library, and user-defined types. By training with a large-scale dataset, DLInfer achieves an average of 98.79% Top-1 accuracy for the variables that can get type information through static analysis and manual annotation. Further, DLInfer achieves 83.03% type inference accuracy on average for the variables that can only obtain the type information through dynamic analysis. The results indicate DLInfer is highly effective in inferring types. It is promising to apply it to assist in various software engineering tasks for Python programs.",True,False,True,True
FS,False,Rete: Learning Namespace Representation for Program Repair,"Parasaram, Nikhil, Barr, Earl T., Mechtaev, Sergey",https://doi.org/10.1109/ICSE48619.2023.00112,"A key challenge of automated program repair is finding correct patches in the vast search space of candidate patches. Real-world programs define large namespaces of variables that considerably contributes to the search space explosion. Existing program repair approaches neglect information about the program namespace, which makes them inefficient and increases the chance of test-overfitting. We propose Rete, a new program repair technique, that learns project-independent information about program namespace and uses it to navigate the search space of patches. Rete uses a neural network to extract project-independent information about variable CDU chains, defuse chains augmented with control flow. Then, it ranks patches by jointly ranking variables and the patch templates into which the variables are inserted. We evaluated Rete on 142 bugs extracted from two datasets, ManyBugs and BugsInPy. Our experiments demonstrate that Rete generates six new correct patches that fix bugs that previous tools did not repair, an improvement of 31% and 59% over the existing state of the art.",False,False,False,True
FS,False,When and Why Test Generators for Deep Learning Produce Invalid Inputs: An Empirical Study,"Riccio, Vincenzo, Tonella, Paolo",https://doi.org/10.1109/ICSE48619.2023.00104,"Testing Deep Learning (DL) based systems inherently requires large and representative test sets to evaluate whether DL systems generalise beyond their training datasets. Diverse Test Input Generators (TIGs) have been proposed to produce artificial inputs that expose issues of the DL systems by triggering misbehaviours. Unfortunately, such generated inputs may be invalid, i.e., not recognisable as part of the input domain, thus providing an unreliable quality assessment. Automated validators can ease the burden of manually checking the validity of inputs for human testers, although input validity is a concept difficult to formalise and, thus, automate.In this paper, we investigate to what extent TIGs can generate valid inputs, according to both automated and human validators. We conduct a large empirical study, involving 2 different automated validators, 220 human assessors, 5 different TIGs and 3 classification tasks. Our results show that 84% artificially generated inputs are valid, according to automated validators, but their expected label is not always preserved. Automated validators reach a good consensus with humans (78% accuracy), but still have limitations when dealing with feature-rich datasets.",False,False,False,True
